EVENT_ID;ORN_ROAD_NET_ELEMENT_ID;AT_MEASURE;TOLL_POINT_TYPE;AGENCY_NAME;NATIONAL_UUID;EFFECTIVE_DATETIME;SYSTEM_DATETIME;OBJECTID
1506096685;1500723474;520.570;Virtual;MINISTRY OF TRANSPORTATION;1a704bd1a1324da7be34f21c23689036;20210603155727;20210731081808;4997
1506096840;1500491422;210.880;Virtual;MINISTRY OF TRANSPORTATION;15977a479ab9479c9bcdb7162a5b0f56;20090514130151;20210731081808;4998
1506096718;1500534149;484.807;Virtual;MINISTRY OF TRANSPORTATION;447a145af2a24af9a80dbca735fc79ed;20120203141647;20210731081808;4999
1506096698;1500553109;341.503;Virtual;MINISTRY OF TRANSPORTATION;6c4179abe0f64c0484011be9f47304ae;20120802104805;20210731081808;5000
1506096675;1500702455;549.325;Virtual;MINISTRY OF TRANSPORTATION;b4cc74aa08914f80905392642c300864;20120802114335;20210731081808;5002
1506096772;1500445024;482.717;Virtual;MINISTRY OF TRANSPORTATION;a1940d6cb9fd43df84d6defc39f42ac3;20120208115437;20210731081808;5003
1506096778;1500503171;422.838;Virtual;MINISTRY OF TRANSPORTATION;217a66870927492b850be1d88cd3c8c5;20120412110652;20210731081808;5005
1506096770;1500505441;716.711;Virtual;MINISTRY OF TRANSPORTATION;5c51505db15543019187db5a339abd41;20120208114526;20210731081808;5006
1506096754;1500540238;875.313;Virtual;MINISTRY OF TRANSPORTATION;205db269b1814edfbbadfbc2cdbb6813;20090123155815;20210731081808;5007
1506096707;1500656260;627.419;Virtual;MINISTRY OF TRANSPORTATION;09665dfc7558479fa26206108ae4daee;20130527153743;20210731081808;5008
1506096780;1500673917;271.049;Virtual;MINISTRY OF TRANSPORTATION;8c4c57d1cc004035971f713f47745db5;20120412105803;20210731081808;5009
1506096739;1500700659;247.558;Virtual;MINISTRY OF TRANSPORTATION;48fa39264ed5441db5ed6fce6696c641;20120807111504;20210731081808;5010
1506096762;1500631231;797.988;Virtual;MINISTRY OF TRANSPORTATION;6ee7f232a4554f1ea342004ebf1a5a8c;20120807104820;20210731081808;5011
1506096779;1500706552;723.310;Virtual;MINISTRY OF TRANSPORTATION;e58e3a7d8ed64a7fbb1784ae6bf4d2fc;20130527153336;20210731081808;5012
2628974;1500554649;1142.257;Virtual;MINISTRY OF TRANSPORTATION;e2328a65c03649d88c46a577df5d2e01;20120807105259;20210731081808;5013
3549352;1500575727;566.668;Virtual;MINISTRY OF TRANSPORTATION;36bae57eba644238b901af19c8bd69a4;20120803153457;20210731081808;5015
3549364;1500654179;259.448;Virtual;MINISTRY OF TRANSPORTATION;fabcde50031647f6bc42d17bed2a2d4a;20130527154116;20210731081808;5016
4068479;1500637299;100.000;Virtual;MINISTRY OF TRANSPORTATION;764ed75e3a6e4c3da450fa1c1a2877f1;20101102104307;20210731081808;5017
4068556;1500313200;111.196;Virtual;MINISTRY OF TRANSPORTATION;d1ac656e4ee046f5801fce57dad87b81;20190129115659;20210731081808;5018
4068578;1500689051;911.666;Virtual;MINISTRY OF TRANSPORTATION;a532373ca25b49d3827bffc2b8386430;20130527153651;20210731081808;5020
5571996;5560309;3.000;Physical;MINISTRY OF NATURAL RESOURCES AND FORESTRY;b4b04316ae6148a8a90d0d21b363900f;20130411160237;20210731081808;5021
6542146;6383095;418.070;Virtual;MINISTRY OF TRANSPORTATION;5e792740cbfe408bb28957382b53105c;20191216165528;20210731081808;5023
6542298;6411545;592.357;Virtual;MINISTRY OF TRANSPORTATION;f6797afad5484fc2b735b77f5141668b;20170126130754;20210731081808;5024
6543069;7409575;64.071;Virtual;MINISTRY OF TRANSPORTATION;628571ae69c04b8181a6414c94b6ab42;20191003131037;20210731081808;5025
1506096752;1500406905;486.992;Virtual;MINISTRY OF TRANSPORTATION;b4ae8a389cb54640906ed5b07048d49d;20100903111117;20210731081808;5026
1506096828;1500346258;423.082;Virtual;MINISTRY OF TRANSPORTATION;dcebbe0891224a9ca6e474b74bc711c3;20120208104925;20210731081808;5027
1506096820;1500375370;52.502;Virtual;MINISTRY OF TRANSPORTATION;c02062303c4d4d2fa952e3b599d9aa36;20120801152411;20210731081808;5028
1506096687;1500531104;542.688;Virtual;MINISTRY OF TRANSPORTATION;f62fb74b073e4b42a8eaf1f376bc2f52;20100903104325;20210731081808;5029
1506096819;1500738579;232.077;Virtual;MINISTRY OF TRANSPORTATION;828182c7b2be41948bfeb86a95756eb0;20120801153930;20210731081808;5030
1506096738;1500446652;192.561;Virtual;MINISTRY OF TRANSPORTATION;de1ad730fbbc41e6ab24a9acd1a4383d;20120807111448;20210731081808;5031
1506096830;1500448588;151.564;Virtual;MINISTRY OF TRANSPORTATION;52691f43f38f435fb78713c45f521cb5;20120208113236;20210731081808;5032
1506096774;1500598773;334.454;Virtual;MINISTRY OF TRANSPORTATION;9cae1ec71a7f4edfad02de0dc0273a04;20130527152944;20210731081808;5033
1506096684;1500606353;382.931;Virtual;MINISTRY OF TRANSPORTATION;d9bc0f8d5f93444c9f8630f6aa5dbb8a;20120206105200;20210731081808;5034
1506096825;1500627946;634.204;Virtual;MINISTRY OF TRANSPORTATION;299f18c4f1784ef4abf97c93519950f4;20120410094658;20210731081808;5035
1506096823;1500648460;833.672;Virtual;MINISTRY OF TRANSPORTATION;31592288f0a343729becccca2d7ed669;20120410103927;20210731081808;5036
1506096751;1500667238;259.446;Virtual;MINISTRY OF TRANSPORTATION;8ca99083ae774522978633e4b846f0ac;20111107101601;20210731081808;5037
1506096832;1500704058;508.677;Virtual;MINISTRY OF TRANSPORTATION;7d47dd9e92b04c08946d8c6840bff9c3;20120208104742;20210731081808;5038
1506096672;1500733826;287.238;Virtual;MINISTRY OF TRANSPORTATION;c6da43055c7f4d969bcd4063e5f5fed2;20120807092823;20210731081808;5039
1506096712;1500746659;271.284;Virtual;MINISTRY OF TRANSPORTATION;43437a04f6fd4eb4b76cd7e339337891;20120803150638;20210731081808;5040
3549351;1500547036;38.219;Virtual;MINISTRY OF TRANSPORTATION;bc338da3292349049059b814d42f2a2f;20120803133245;20210731081808;5041
3549359;1500512421;385.760;Virtual;MINISTRY OF TRANSPORTATION;f2a4a47ce47246c68e0e1abc1fa567f8;20181221110349;20210731081808;5042
3549368;1500599780;440.156;Virtual;MINISTRY OF TRANSPORTATION;4bad44329b094aba9773dd00ea16b4c9;20120803134301;20210731081808;5043
3549369;1500608275;343.959;Virtual;MINISTRY OF TRANSPORTATION;dec267f7606748069f9459beaaaa2454;20190115113944;20210731081808;5044
4068467;1500425439;435.944;Virtual;MINISTRY OF TRANSPORTATION;88a20b8b68f84123bd9eda1c53f56dd9;20120412115346;20210731081808;5045
4068472;1512088324;242.980;Virtual;MINISTRY OF TRANSPORTATION;7e60285599e84d6484836d57bca0671a;20120411120455;20210731081808;5046
4068564;1500527780;41.647;Virtual;MINISTRY OF TRANSPORTATION;b810b6eb1d0741e19b733762dbfd6ba6;20130527154250;20210731081808;5047
4068574;1500399723;379.978;Virtual;MINISTRY OF TRANSPORTATION;09296de60e98464a83e1e66d8d63618a;20180719113642;20210731081808;5048
4068575;1500347694;703.364;Virtual;MINISTRY OF TRANSPORTATION;502fd06785154184b553fe619f1fa374;20130527150830;20210731081808;5049
4068576;1500521318;199.953;Virtual;MINISTRY OF TRANSPORTATION;eda67ca95e764e94a4217707c74c5973;20120802112747;20210731081808;5050
4068577;1500462926;692.809;Virtual;MINISTRY OF TRANSPORTATION;b8a2f476e4ba468db49cfec411de46df;20120802131645;20210731081808;5051
4153341;4153334;198.871;Physical;MINISTRY OF NATURAL RESOURCES AND FORESTRY;81061c7e73a74155ad00e4e8820d392c;20110322091801;20210731081808;5052
6542139;6232297;373.682;Virtual;MINISTRY OF TRANSPORTATION;16cb10b91fff4d75a9c9ff0b793c3350;20191217130744;20210731081808;5053
6542308;6411556;382.257;Virtual;MINISTRY OF TRANSPORTATION;2f1450b2ca1d44fab5c66e7b3f3ee616;20191003134127;20210731081808;5054
6542337;6411646;336.573;Virtual;MINISTRY OF TRANSPORTATION;975c29eb342f448c88762ed7e6cf77a4;20191106144435;20210731081808;5055
6542872;6413816;609.084;Virtual;MINISTRY OF TRANSPORTATION;a0f709f4849c46fc97e57bbb70e37e6c;20191106144711;20210731081808;5056
6542994;6408961;792.233;Virtual;MINISTRY OF TRANSPORTATION;5ad42e30ab514e948be89c77a9fd11e2;20191003113136;20210731081808;5057
6543031;6408916;298.611;Virtual;MINISTRY OF TRANSPORTATION;c77585a8fce74333b2a4fb3bf74f8d52;20191003100509;20210731081808;5058
6543038;6408934;331.247;Virtual;ONTARIO ROAD NETWORK;ee52fd1503ad47c3953cb4fda503ef0a;20191003092833;20210731081808;5059
6543048;6408871;232.170;Virtual;MINISTRY OF TRANSPORTATION;6c4a04b2605c4d169002f0177ba6d92e;20191003131236;20210731081808;5060
1506096855;1500740458;422.464;Virtual;MINISTRY OF TRANSPORTATION;b66375ae41b445939f95198b49c0a5e1;20130527154842;20210731081808;5061
1506096746;1500347057;631.550;Virtual;MINISTRY OF TRANSPORTATION;f80eb5c58b0e4035b69cdedb85232b68;20120801111103;20210731081808;5062
1506096724;1500385215;424.298;Virtual;MINISTRY OF TRANSPORTATION;92cee8343d6c4640a52e20267a32496e;20130527150636;20210731081808;5063
1506096837;1500315228;597.605;Virtual;MINISTRY OF TRANSPORTATION;91cea9c14e1a4d11a9aa3a9989c51f6c;20120803103213;20210731081808;5064
1506096775;1500345653;542.222;Virtual;MINISTRY OF TRANSPORTATION;ba4a66ab45ce4641a88d76104f95ec01;20120208115612;20210731081808;5066
1506096671;1500390194;448.229;Virtual;MINISTRY OF TRANSPORTATION;e69833f47bec4639b1bdfe9c5e81e7ba;20120807093456;20210731081808;5067
1506096737;1500398103;314.179;Virtual;MINISTRY OF TRANSPORTATION;4fe736722bf34092a92bb4069bb8a59d;20130527150228;20210731081808;5068
1506096842;1500475484;401.556;Virtual;MINISTRY OF TRANSPORTATION;ca7a447c712b4cafbdcfa053c1381d09;20120410125240;20210731081808;5069
1506096829;1500503035;744.450;Virtual;MINISTRY OF TRANSPORTATION;8a990ce75e8f4dd893d4b0edfbd68ba7;20120208104653;20210731081808;5070
1506096757;1500642278;328.631;Virtual;MINISTRY OF TRANSPORTATION;5a172a8544c24df98dfcfdb277ce0f7e;20120719115632;20210731081808;5071
1506096715;1500508326;172.223;Virtual;MINISTRY OF TRANSPORTATION;7fabb4dcc61644aabde653a29f7dc2c8;20120203142010;20210731081808;5072
1506096686;1500533328;404.811;Virtual;MINISTRY OF TRANSPORTATION;185ee6994b1b43bdb1b05da7542b49b3;20160113104042;20210731081808;5073
1506096781;1500578205;316.544;Virtual;MINISTRY OF TRANSPORTATION;3dbfd69fc0f1401e9e4e4cbe9393c016;20120412105028;20210731081808;5074
1506096826;1500589764;229.452;Virtual;MINISTRY OF TRANSPORTATION;cc93712141df4a4bbb655a816fbc741b;20120418113914;20210731081808;5075
1506096783;1500693971;409.727;Virtual;MINISTRY OF TRANSPORTATION;cbbc14bc200a45cb99a4e73589134e8b;20090123155815;20210731081808;5076
1506096694;1500717618;341.305;Virtual;MINISTRY OF TRANSPORTATION;e76ff6241fd4436abf8420e4b223b15e;20120803150945;20210731081808;5077
1506096847;1500616270;332.095;Virtual;MINISTRY OF TRANSPORTATION;ea575db248fe4892bde70a4b17221357;20110504120311;20210731081808;5078
1506096692;1500616090;218.443;Virtual;MINISTRY OF TRANSPORTATION;4feee9f57eb749bfaf4deda3dc3ba5b8;20120803151640;20210731081808;5079
3549350;1500567438;367.629;Virtual;MINISTRY OF TRANSPORTATION;97cc2baca27c47899f21db50d6d4bd63;20120803132948;20210731081808;5080
3549353;1500334592;225.766;Virtual;MINISTRY OF TRANSPORTATION;c3d4a6f9e5a44a36b032b4938ef3b4ec;20120803142352;20210731081808;5081
3549354;1500703659;358.282;Virtual;MINISTRY OF TRANSPORTATION;223d99e8774d43969d2fc9eb33c9b62c;20120803143145;20210731081808;5082
3549363;1500388171;402.146;Virtual;MINISTRY OF TRANSPORTATION;945c4cc719c94346a2d60d81a4f3fd6b;20181221110131;20210731081808;5083
4068478;4052768;275.000;Virtual;MINISTRY OF TRANSPORTATION;a1a9d5245d3c4143918caa76496f6df5;20101102104324;20210731081808;5084
4068554;1500637770;244.782;Virtual;MINISTRY OF TRANSPORTATION;26f8936c35344444aab2166845b1a1f1;20190129095341;20210731081808;5085
4068559;1500686307;250.068;Virtual;MINISTRY OF TRANSPORTATION;3995c86d6d5c4727917a3c993a067552;20120801143027;20210731081808;5086
4068567;1500479794;644.517;Virtual;MINISTRY OF TRANSPORTATION;b3cf295ba09f4a63b2eb4226e6989e94;20120801151321;20210731081808;5087
4068573;1500647050;141.488;Virtual;MINISTRY OF TRANSPORTATION;1fff331153044d0895dd3c027a5f8e23;20120802094248;20210731081808;5088
4068582;1500364273;852.518;Virtual;MINISTRY OF TRANSPORTATION;1b9a232b38344ebe91b787f6a83dc840;20120802135414;20210731081808;5089
6542233;6410773;710.964;Virtual;MINISTRY OF TRANSPORTATION;c5efd9b91a8d4eefab79e82d632db0bc;20191003131842;20210731081808;5090
6542309;6411523;381.835;Virtual;MINISTRY OF TRANSPORTATION;017eee7166cd44689fbb47c5f0a19470;20191003134301;20210731081808;5091
6542820;6413704;231.270;Virtual;MINISTRY OF TRANSPORTATION;68c4088dc36d41f8bf79ec3be081ed65;20191106144720;20210731081808;5092
6542873;6413748;721.825;Virtual;MINISTRY OF TRANSPORTATION;3558d2cb13c147d0b7835da4f0dcb162;20191106144731;20210731081808;5093
6543041;6408925;536.050;Virtual;MINISTRY OF TRANSPORTATION;75656be83dc543e4aae5d57df6c8a6f4;20191003095216;20210731081808;5094
6543042;6408898;340.663;Virtual;MINISTRY OF TRANSPORTATION;fd49a9d0db4c4d0f88ab84b963caf87d;20191003095052;20210731081808;5095
7409576;7409546;182.960;Virtual;ONTARIO ROAD NETWORK;71d0ac73bdbe42459b0bea6513f9c38f;20191003132240;20210731081808;5096
7435126;6413804;758.989;Virtual;ONTARIO ROAD NETWORK;ea12fd1249674806b7d88621dcf9a63a;20191217103132;20210731081808;5097
1506096801;1500717923;511.976;Virtual;MINISTRY OF TRANSPORTATION;ef71d0c89164422283636b0bd2128246;20120330135655;20210731081808;5098
1506096802;1500728191;411.684;Virtual;MINISTRY OF TRANSPORTATION;32d7f600e2814870b252b02be6880217;20130527154722;20210731081808;5099
1506096756;1500450258;117.121;Virtual;MINISTRY OF TRANSPORTATION;6c7dc6086ea04803b7b1884bf55624d8;20120719132715;20210731081808;5100
1506096815;1500642697;533.732;Virtual;MINISTRY OF TRANSPORTATION;e70260f1283d494389db2552eff09ac3;20181221110739;20210731081808;5101
1506096827;1500379937;302.540;Virtual;MINISTRY OF TRANSPORTATION;0151d34a708e4aee97b862528c240b8f;20120208113355;20210731081808;5102
1506096851;1500460119;383.496;Virtual;MINISTRY OF TRANSPORTATION;be12bc5543754bb7bd097363c939880f;20120207130600;20210731081808;5103
1506096853;1500506570;156.476;Virtual;MINISTRY OF TRANSPORTATION;af6eea8230d942dc87a5ef53638c9846;20120207130820;20210731081808;5104
1506096708;1500526215;267.544;Virtual;MINISTRY OF TRANSPORTATION;f543512e83344a98be059dbd9d29c26f;20190114121316;20210731081808;5105
1506096771;1500530028;212.037;Virtual;MINISTRY OF TRANSPORTATION;181fa07885904f2cb5879570dd16b430;20130527152335;20210731081808;5106
1506096844;1500564079;520.382;Virtual;MINISTRY OF TRANSPORTATION;ccb536afe1de40f681423669cb6e73ae;20120410125752;20210731081808;5107
1506096743;1500622433;285.287;Virtual;MINISTRY OF TRANSPORTATION;fb03024d2e994c3e9892cd899f4eebd6;20120208115035;20210731081808;5108
1506096714;1500627932;575.323;Virtual;MINISTRY OF TRANSPORTATION;747bb84cfa9d4ca8b8aa8ce70b4c3e95;20120206132725;20210731081808;5109
1506096717;1500692098;287.972;Virtual;MINISTRY OF TRANSPORTATION;5cf889f5301842858ed0b2ae58422760;20120203141528;20210731081808;5110
1506096733;1500700466;232.223;Virtual;MINISTRY OF TRANSPORTATION;b07b6200c33f456bbe414e0d6279029f;20120803142946;20210731081808;5111
1506096755;1500728275;49.311;Virtual;MINISTRY OF TRANSPORTATION;53333368b3e1456888a8363f80472e7d;20120803145057;20210731081808;5112
2752296;1500445621;336.687;Virtual;MINISTRY OF TRANSPORTATION;d904d8e7a2c8477b859ded8e653444eb;20120803104702;20210731081808;5113
2781581;1512046511;91.411;Virtual;MINISTRY OF TRANSPORTATION;77079a88897946b889e7f4bddd5f8ed9;20190129100244;20210731081808;5114
2781582;1500614901;240.649;Virtual;MINISTRY OF TRANSPORTATION;6a3e136f1ff4408d9f73066734673982;20190129095752;20210731081808;5115
3549357;1500601231;468.717;Virtual;MINISTRY OF TRANSPORTATION;edf7db8e1f4d40be9748fb099bee7e96;20120803142022;20210731081808;5116
3549365;1500558986;442.305;Virtual;MINISTRY OF TRANSPORTATION;9b6cb028c5084ecd8a0906e818b4f130;20130527154315;20210731081808;5117
4068473;1512086725;750.244;Virtual;MINISTRY OF TRANSPORTATION;0740581f03254880bbc239f5e3a07dfe;20120405112553;20210731081808;5118
4068568;1510694622;250.000;Virtual;MINISTRY OF TRANSPORTATION;75c56b2cbaef4f33aac32e40d6b0630c;20120801145730;20210731081808;5120
6542119;4068444;740.224;Virtual;MINISTRY OF TRANSPORTATION;cb89bda7d64541c9aa434eeb54a3cac6;20191217103618;20210731081808;5121
6542130;1500365785;866.622;Virtual;MINISTRY OF TRANSPORTATION;2d6a7fdc2a484545bcdfcb39e961a4c2;20191217103931;20210731081808;5122
6542335;6411613;760.200;Virtual;MINISTRY OF TRANSPORTATION;e87a35348bcd4152b69144db5e042378;20191106144502;20210731081808;5123
6542336;6411624;188.296;Virtual;MINISTRY OF TRANSPORTATION;11c00cbfd5e9473090351005908d7093;20191106144726;20210731081808;5124
7437353;7437313;909.496;Virtual;ONTARIO ROAD NETWORK;6a69564d31e24993af126969ec5a0dcd;20191205100231;20191212100215;4857
7437354;7437304;579.147;Virtual;ONTARIO ROAD NETWORK;95caa2e1591a4715a335658216808635;20191205100308;20191212100215;4858
7435215;7432143;830.594;Virtual;ONTARIO ROAD NETWORK;28949400303d4762bd5e37fa62d857b6;20191106143323;20191212100215;4859
7600230;7599776;567.768;Virtual;ONTARIO ROAD NETWORK;ea1ef1ea73284107b7e3107a57e3ae8d;20210412132913;20210415090954;4917
7600242;7599728;814.742;Virtual;ONTARIO ROAD NETWORK;736291c009844c48a831790178df853b;20210412132922;20210415090954;4918
7600232;7599753;408.801;Virtual;ONTARIO ROAD NETWORK;20c8dc78b08d4527b539f3eb7acfb774;20210412132851;20210415090954;4919
7600234;7599736;732.055;Virtual;ONTARIO ROAD NETWORK;5974ea7ef0474eb3b485f7695f71166e;20210412132839;20210415090954;4920
7600241;7599785;543.813;Virtual;ONTARIO ROAD NETWORK;ae81cfc50f574dd79ceca9fd0ed57f25;20210412132945;20210415090954;4921
7600231;7599745;261.140;Virtual;ONTARIO ROAD NETWORK;0df66a3d221b4b08a231a4053d83698c;20210412132931;20210415090954;4922
6542836;6413715;339.667;Virtual;MINISTRY OF TRANSPORTATION;0db25f2bdc344c86b469e18a82aa9a7b;20191106144710;20210731081808;5125
6542987;6408970;769.352;Virtual;MINISTRY OF TRANSPORTATION;a9165e14db094acda046aea241e1aaf9;20191003113554;20210731081808;5126
7435128;6413759;399.937;Virtual;ONTARIO ROAD NETWORK;0c95d4b947424c9a97018d54c3121b62;20191106144740;20210731081808;5127
1506096812;1500419863;378.777;Virtual;MINISTRY OF TRANSPORTATION;bbd5e6c3615b41f9897a6dfe9929b057;20120330142707;20210731081808;5128
1506096767;1500431468;944.274;Virtual;MINISTRY OF TRANSPORTATION;89ef418ae2224619be5aa2b7d83f3b0a;20120208114547;20210731081808;5129
1506096818;1500682775;176.850;Virtual;MINISTRY OF TRANSPORTATION;a6b2c54650144217b9a58f25658a8b62;20190114143450;20210731081808;5130
1506096716;1500315024;271.220;Virtual;MINISTRY OF TRANSPORTATION;857fc61643b44196abc23667589216ca;20120203142958;20210731081808;5131
1506096782;1500333317;219.736;Virtual;MINISTRY OF TRANSPORTATION;28e899393e3641e5b1b189aa12bd72c4;20120412112005;20210731081808;5132
1506096792;1500378603;541.851;Virtual;MINISTRY OF TRANSPORTATION;7ad84787b057486bb10c80ae6f744131;20110504120311;20210731081808;5133
1506096841;1500427297;224.643;Virtual;MINISTRY OF TRANSPORTATION;bb5a0f79a27f45b7b9d5013871687b0b;20130527150240;20210731081808;5134
1506096742;1500576480;512.207;Virtual;MINISTRY OF TRANSPORTATION;00fd903e4235437a8348cd8acb442908;20120208113817;20210731081808;5135
1506096683;1500657338;304.464;Virtual;MINISTRY OF TRANSPORTATION;7f39f9256fdf4f07a8f07e392dd8d344;20130527153215;20210731081808;5136
1506096736;1500687515;571.652;Virtual;MINISTRY OF TRANSPORTATION;b361a7cc506a4c8ea97dbb612233f5ea;20120807110939;20210731081808;5137
3549355;1500618739;114.359;Virtual;MINISTRY OF TRANSPORTATION;a2d53cf144714f25b86c202795f33dba;20120803133720;20210731081808;5138
3549367;1500620853;462.040;Virtual;MINISTRY OF TRANSPORTATION;cee84a9c00474e088d9407617457873a;20120803151756;20210731081808;5139
4068464;1500422399;527.157;Virtual;MINISTRY OF TRANSPORTATION;a1eb893007d84e989225e1b17c1f020e;20120412114405;20210731081808;5140
4068558;1500504758;275.914;Virtual;MINISTRY OF TRANSPORTATION;2ed8e3a5118f4201bb418f54db1d9176;20120801142514;20210731081808;5141
4068562;1500650871;303.782;Virtual;MINISTRY OF TRANSPORTATION;5cdd4d5f11a94d6b8e301ca4972a56df;20120801143003;20210731081808;5142
4068563;1508314813;297.711;Virtual;MINISTRY OF TRANSPORTATION;201da272774e4b1dbfbde2fe41ead380;20120801142343;20210731081808;5143
4068566;1500425334;310.727;Virtual;MINISTRY OF TRANSPORTATION;c809cde7cc474634bf2e275421fb2558;20120801144608;20210731081808;5144
4068571;1500435715;801.183;Virtual;MINISTRY OF TRANSPORTATION;64a351ba43e440848bdb09c01703d951;20120802090927;20210731081808;5145
4068583;1500494022;629.531;Virtual;MINISTRY OF TRANSPORTATION;3813ac813d8f469fad06b2e7096e4c7c;20120802135252;20210731081808;5146
5664551;7072790;88.431;Physical;MINISTRY OF NATURAL RESOURCES AND FORESTRY;08b7d59a42394235a4d6f45e8218054a;20180628094347;20210731081808;5147
6542263;6410211;1068.766;Virtual;MINISTRY OF TRANSPORTATION;dfe935fe37a94a548695da8c49e52bcd;20191003111854;20210731081808;5148
6542328;6411591;426.609;Virtual;MINISTRY OF TRANSPORTATION;cbcf5a5dd0d34c5b82f2dcc376324f76;20191106144421;20210731081808;5149
6543047;6408880;217.383;Virtual;MINISTRY OF TRANSPORTATION;a039ab2f26e44332a5edc412c73ed1ed;20191003115854;20210731081808;5150
1506096816;1500450395;319.508;Virtual;MINISTRY OF TRANSPORTATION;1db15be154054b89ac9ae51299190d3f;20181221110148;20210731081808;5151
1506096854;1500529708;349.539;Virtual;MINISTRY OF TRANSPORTATION;b0254dd3ff1a428a8854ecc7b4ad6d7b;20120207134527;20210731081808;5152
1506096696;1500617312;367.693;Virtual;MINISTRY OF TRANSPORTATION;b7761c1c484748b4b71ff07e87c4faa7;20120802103958;20210731081808;5153
1506096843;1500400683;248.770;Virtual;MINISTRY OF TRANSPORTATION;8c398f412f7646f3993454bc33f37109;20130527150647;20210731081808;5154
1506096711;1500455543;433.811;Virtual;MINISTRY OF TRANSPORTATION;acb2ab6801874c9494bd64c8e5aef16d;20120803145300;20210731081808;5155
1506096727;1500525893;385.569;Virtual;MINISTRY OF TRANSPORTATION;808c9b68460642f1a5b863117618e216;20120807095339;20210731081808;5156
1506096789;1500544271;174.368;Virtual;MINISTRY OF TRANSPORTATION;0b433761a3544afb81e9e51e13ba76ec;20120410104517;20210731081808;5157
1506096681;1500563594;201.858;Virtual;MINISTRY OF TRANSPORTATION;305978a613c042a0a2617095c146268c;20160815153922;20210731081808;5158
1506096784;1500574681;619.028;Virtual;MINISTRY OF TRANSPORTATION;0295162cda774877bb4f87b0f302d52a;20090123155815;20210731081808;5159
1506096793;1500675483;328.548;Virtual;MINISTRY OF TRANSPORTATION;bb40647e7e0e47369d190d634182d6f0;20120410110152;20210731081808;5160
1506096741;1500680741;654.764;Virtual;MINISTRY OF TRANSPORTATION;d74a94a02de940b79a7e4526445ce93a;20120208114009;20210731081808;5161
1506096794;1500717215;331.203;Virtual;MINISTRY OF TRANSPORTATION;9b923b2cf797487cbe7e319627a0a43b;20120411114756;20210731081808;5162
2752294;1500333201;175.142;Virtual;MINISTRY OF TRANSPORTATION;6d85fab9d00240689ad0652339dee80c;20130527154812;20210731081808;5163
3549362;1510867398;288.565;Virtual;MINISTRY OF TRANSPORTATION;4f08622437c547c78f9d209405dd83b7;20120803134112;20210731081808;5164
4068468;1500411012;315.190;Virtual;MINISTRY OF TRANSPORTATION;9de59add62564aed8c05d7b3fbec7023;20120412131931;20210731081808;5165
4068471;1512091297;505.833;Virtual;MINISTRY OF TRANSPORTATION;cbc3d216a7e94b01b7287f68d2dc9566;20130516162203;20210731081808;5166
4068560;1500358875;475.510;Virtual;MINISTRY OF TRANSPORTATION;e90f0e83e9394a4ca5dbea2d6a8bbb2d;20120628152453;20210731081808;5167
4068570;1500517085;588.153;Virtual;MINISTRY OF TRANSPORTATION;1766b9aea79848d4b820cf6ee83c9ad0;20120802090823;20210731081808;5168
4068572;1500465358;642.633;Virtual;MINISTRY OF TRANSPORTATION;590175c5800b43ee8cbff893d84914f0;20120802105350;20210731081808;5169
4068579;1508313522;199.491;Virtual;MINISTRY OF TRANSPORTATION;647d1ac642134ca78e5135f1684b65f5;20130527155102;20210731081808;5170
4068580;1500505923;2746.048;Virtual;MINISTRY OF TRANSPORTATION;102d8a0db4b24b42a9ef7d449a83457a;20120802140316;20210731081808;5171
6542145;6414210;251.167;Virtual;MINISTRY OF TRANSPORTATION;5c11f5b8ca5a4919a2b2f324b7d5e5f1;20191216164938;20210731081808;5172
6542264;6411500;736.392;Virtual;MINISTRY OF TRANSPORTATION;f88dd2d64be346ee8fb3a3978b7dddca;20170126130733;20210731081808;5173
6542819;6413726;612.170;Virtual;MINISTRY OF TRANSPORTATION;b64d11f481db4fdcafbd41e45d6caa0b;20191106144736;20210731081808;5174
6542821;6413682;311.938;Virtual;MINISTRY OF TRANSPORTATION;8540f4acc4fe48f38b3f0190a50a5151;20191106144739;20210731081808;5175
6543039;6408889;731.863;Virtual;MINISTRY OF TRANSPORTATION;831b109e5c1448cd8205d5a9d003b76d;20191003101009;20210731081808;5176
7435129;6413770;253.744;Virtual;ONTARIO ROAD NETWORK;3ebb09e92e0a4c6ab0a546cee1ce8da7;20191217103039;20210731081808;5177
1506096803;1500671030;524.840;Virtual;MINISTRY OF TRANSPORTATION;613110c307ad4ad998e05d861263f24b;20130527153648;20210731081808;5178
1506096804;1500411731;305.838;Virtual;MINISTRY OF TRANSPORTATION;cbd7c282d1d24596859609788be279d2;20120404114209;20210731081808;5179
1506096748;1500373423;540.893;Virtual;MINISTRY OF TRANSPORTATION;33194c8983bc4fdebf210b4383ce5c15;20120801111632;20210731081808;5180
1506096744;1500480701;108.717;Virtual;MINISTRY OF TRANSPORTATION;05680100bf1d4510b17a32965540762e;20120208115046;20210731081808;5181
1506096732;1500705931;494.516;Virtual;MINISTRY OF TRANSPORTATION;5b9232193053423c871c84f38ed88776;20190115114350;20210731081808;5182
1506096761;1500340098;162.475;Virtual;MINISTRY OF TRANSPORTATION;958af367d3bf4f0d939ea2cae6b161fd;20120807111214;20210731081808;5183
1506096852;1500640924;393.132;Virtual;MINISTRY OF TRANSPORTATION;1afba61f8f104dbfa7bf85e0cfe5c3fb;20120207131143;20210731081808;5184
1506096689;1500540550;303.931;Virtual;MINISTRY OF TRANSPORTATION;dd1eebe83b094d9a9cb8acd2d8fa3b9b;20100908115112;20210731081808;5185
1506096831;1500566298;332.596;Virtual;MINISTRY OF TRANSPORTATION;a33d1b83ba8b428da2c504710244a69f;20130527152356;20210731081808;5186
1506096682;1500656542;389.669;Virtual;MINISTRY OF TRANSPORTATION;81a5cd99c2ac4d71bd8f65797403e19c;20210603160134;20210731081808;5187
1506096839;1500720829;571.584;Virtual;MINISTRY OF TRANSPORTATION;c6d6ab9060a44698a6e59a5d1cab924d;20130527153042;20210731081808;5188
1506096759;1500731816;77.863;Virtual;MINISTRY OF TRANSPORTATION;c2498039f25640debeb9c1b97d6d1b12;20120807111329;20210731081808;5189
1506096753;1500742651;418.973;Virtual;MINISTRY OF TRANSPORTATION;c36e2ab68ed444d5acc78908d1c5a946;20130527154004;20210731081808;5190
1506096777;1500711677;553.147;Virtual;MINISTRY OF TRANSPORTATION;8a6a8b477a424a7d99dc9924811f6dea;20120412112559;20210731081808;5191
2752292;1500637247;211.805;Virtual;MINISTRY OF TRANSPORTATION;3ab8e651369045c298adb1a08e8bddfe;20120801145114;20210731081808;5192
3549360;1500639296;345.795;Virtual;MINISTRY OF TRANSPORTATION;6c70119bbb9a4b71b87d04e5a588673c;20190111164213;20210731081808;5193
3549366;1500484325;778.858;Virtual;MINISTRY OF TRANSPORTATION;e12b067fce3143d78e9e42c7dee60daa;20190102144326;20210731081808;5194
4043179;4042851;264.613;Physical;MINISTRY OF NATURAL RESOURCES AND FORESTRY;6607c00d72714e88ad8bc08a16738de9;20151021130838;20210731081808;5195
4068462;1500604285;501.883;Virtual;MINISTRY OF TRANSPORTATION;6ab7ff3c05cc4de591b7e6373b2615a2;20191217103457;20210731081808;5196
4068465;1500661365;784.864;Virtual;MINISTRY OF TRANSPORTATION;e64e3ed6a1d64377ae0407a289634028;20120412120554;20210731081808;5197
4068474;1512092799;187.366;Virtual;MINISTRY OF TRANSPORTATION;f1a23469ce86471a81f5375538097432;20120411120513;20210731081808;5198
4068481;1500611768;613.841;Virtual;MINISTRY OF TRANSPORTATION;9500462823c14b5ab882e7dd447096b6;20120208115109;20210731081808;5199
4068484;1500551253;252.728;Virtual;MINISTRY OF TRANSPORTATION;199add22fd5c462cb1c0d54a72349137;20120807094734;20210731081808;5200
4068555;1500710465;560.948;Virtual;MINISTRY OF TRANSPORTATION;06ded0dfae794dca800babbbcfae45b7;20190129114611;20210731081808;5201
4068561;1500580967;730.338;Virtual;MINISTRY OF TRANSPORTATION;e479b759391f4be2a1b53c350c722fff;20130527152639;20210731081808;5202
4068569;1500626363;818.782;Virtual;MINISTRY OF TRANSPORTATION;1933ef3d847f44948912fe41a16b186e;20130527154635;20210731081808;5203
6542170;6410761;715.262;Virtual;MINISTRY OF TRANSPORTATION;6c35fbc9d4c04aaabfcf20c14568217e;20170126130716;20210731081808;5204
6542194;6410785;283.024;Virtual;MINISTRY OF TRANSPORTATION;ce681a7c90f94c56a153671a2571f7b5;20191003131902;20210731081808;5205
6542347;6411602;417.014;Virtual;MINISTRY OF TRANSPORTATION;408619991b28465a8c30c3f34ca13c47;20170126130817;20210731081808;5206
6542818;6413660;548.874;Virtual;MINISTRY OF TRANSPORTATION;6aec6e2f623445798b8531fd55b759f0;20191106144722;20210731081808;5207
6542839;6413671;312.635;Virtual;MINISTRY OF TRANSPORTATION;abdb3249db8e46c789cf51c046f1e0c1;20191106144723;20210731081808;5208
6543040;6408907;716.395;Virtual;ONTARIO ROAD NETWORK;c21cc6750b684349ae250c5ed68839f5;20191003094148;20210731081808;5209
1506096805;1500424612;303.944;Virtual;MINISTRY OF TRANSPORTATION;3d270c4507df4afc877051e4a77b0562;20120330135451;20210731081808;5210
1506096720;1500334751;597.322;Virtual;MINISTRY OF TRANSPORTATION;c818db06fbfb4b12b09d9389b950b125;20120802134924;20210731081808;5211
1506096765;1500358531;754.039;Virtual;MINISTRY OF TRANSPORTATION;c83d5217fe0d4453b039a95c44a4b99e;20120628150800;20210731081808;5212
1506096813;1500531192;428.672;Virtual;MINISTRY OF TRANSPORTATION;3887c6320bfb4e4fbbab6425ce0428bf;20181221110428;20210731081808;5213
1506096726;1500317860;207.136;Virtual;MINISTRY OF TRANSPORTATION;53e169291d55426b9267005a4a13b3fd;20130527150555;20210731081808;5214
1506096824;1500612053;343.960;Virtual;MINISTRY OF TRANSPORTATION;130b46b18d594f4e8494413a893dae86;20120410095504;20210731081808;5215
1506096690;1500344873;230.472;Virtual;MINISTRY OF TRANSPORTATION;07d5b409aaed4437b6f252396f3cbc65;20100903103019;20210731081808;5216
1506096856;1500360647;499.868;Virtual;MINISTRY OF TRANSPORTATION;ef421b0a16854ca19a75a71daaa98de5;20090123155815;20210731081808;5217
1506096768;1500409353;509.904;Virtual;MINISTRY OF TRANSPORTATION;47b144982e374fe89fabed83087b6bab;20120208115143;20210731081808;5218
1506096776;1500454545;431.703;Virtual;MINISTRY OF TRANSPORTATION;16f299f3557d48d19ed5b7df135c1ed5;20120208120113;20210731081808;5219
1506096688;1500471496;398.242;Virtual;MINISTRY OF TRANSPORTATION;a5c58ae96ae94e55b4888858ab65ec53;20100903103212;20210731081808;5220
1506096845;1500522624;784.929;Virtual;MINISTRY OF TRANSPORTATION;aa483e5849984c1da776a056150402a4;20120208113554;20210731081808;5221
1506096713;1500540829;166.802;Virtual;MINISTRY OF TRANSPORTATION;cf3567821024490f9c8e0bc268660f35;20120203143136;20210731081808;5222
1506096680;1500572300;298.463;Virtual;MINISTRY OF TRANSPORTATION;40eac2f3a6744099b078baa1e22bcbfd;20210603160535;20210731081808;5223
1506096773;1500593380;236.612;Virtual;MINISTRY OF TRANSPORTATION;d35bc78300d1401a842c5b4c61b570e6;20120206133714;20210731081808;5224
1506096691;1500627745;245.570;Virtual;MINISTRY OF TRANSPORTATION;d92c5fb95cfa474cacbbd3762714f318;20090123155815;20210731081808;5225
1506096769;1500677940;805.413;Virtual;MINISTRY OF TRANSPORTATION;13235293e9874b47b30bf51e397c4c3d;20090514130151;20210731081808;5226
1506096790;1500668879;321.023;Virtual;MINISTRY OF TRANSPORTATION;d13284fbbbe447e79d874d7ddfc9a93b;20120410110340;20210731081808;5227
1506096846;1500701091;906.823;Virtual;MINISTRY OF TRANSPORTATION;f69dd1327d4d463488d2b22cf0c16074;20130527153136;20210731081808;5228
2782918;1500358517;2643.276;Virtual;MINISTRY OF TRANSPORTATION;4eeceff4f344400b986ee944618e0634;20120802140126;20210731081808;5229
3549356;1500567273;263.699;Virtual;MINISTRY OF TRANSPORTATION;a6cf3c586f3d45298d22bbbf63234cae;20120803150255;20210731081808;5230
4068463;1500659727;758.705;Virtual;MINISTRY OF TRANSPORTATION;72d0e185a6ca443dbef654087fc3b19e;20210412105112;20210731081808;5231
4068466;1500621377;383.142;Virtual;MINISTRY OF TRANSPORTATION;52d374e4689a4d19a86f69a7f3447c4a;20120412115402;20210731081808;5232
4068469;1500605442;178.530;Virtual;MINISTRY OF TRANSPORTATION;c353507bcc864829aa7d0c7f75e223e4;20120412115939;20210731081808;5233
4068522;4068518;418.872;Virtual;MINISTRY OF TRANSPORTATION;4f98f5de49564d82a9e240ceb7906369;20120803132750;20210731081808;5234
4068553;1500426053;626.197;Virtual;MINISTRY OF TRANSPORTATION;a931d8f78d224b4eafe7579fbde9f46f;20190129095201;20210731081808;5235
4068581;1500646385;311.981;Virtual;MINISTRY OF TRANSPORTATION;e73111e12084443cb42c4824572e1f96;20120802133450;20210731081808;5236
4068584;1500335173;407.261;Virtual;MINISTRY OF TRANSPORTATION;069dece987574b618e51e5e13f924341;20120802133538;20210731081808;5237
6542144;6232312;434.728;Virtual;MINISTRY OF TRANSPORTATION;da36a3586d024f48bc6c6936ec96e567;20191217130720;20210731081808;5238
6542265;6411512;322.654;Virtual;MINISTRY OF TRANSPORTATION;6b2b9ba51ff34b529bd3882bb272fd6b;20170126130758;20210731081808;5239
6542305;6411534;312.041;Virtual;MINISTRY OF TRANSPORTATION;8214194d9b8d41d38b80cdcaf1d9dbe1;20191003134647;20210731081808;5240
6542338;6411635;417.566;Virtual;MINISTRY OF TRANSPORTATION;9e5f8ff5f40f4ea896da057c41889d77;20191106144448;20210731081808;5241
7409577;6410304;39.858;Virtual;ONTARIO ROAD NETWORK;b123d1abcaf8450da43ffa2b773eb83a;20191003132219;20210731081808;5242
7435127;6413793;461.725;Virtual;ONTARIO ROAD NETWORK;61fbd92cb66a42daaa0e104137f3de3f;20191106144732;20210731081808;5243
1506096760;1500558968;488.300;Virtual;MINISTRY OF TRANSPORTATION;147c0538400742dfb949b78bee904bdf;20120807105648;20220629142228;5277
1506096710;1500474052;344.586;Virtual;MINISTRY OF TRANSPORTATION;9ebef024a9e245d3a3e8070b0bf6ad0c;20120803145829;20220629142228;5278
4068565;1500475705;598.687;Virtual;MINISTRY OF TRANSPORTATION;c8b1d77c5b754a30bdd3e3432e02f7e5;20130527152051;20220629142228;5279
7435195;6939576;824.890;Virtual;ONTARIO ROAD NETWORK;8182179d71a24115937a28ab9a495938;20191106144724;20191114163715;4777
7435216;7432134;528.707;Virtual;ONTARIO ROAD NETWORK;2a61452be0cb434fb5e6d869440f0561;20191106143322;20191114163715;4778
7435236;7431979;538.970;Virtual;ONTARIO ROAD NETWORK;730decae9f974ddd90e24282905378e4;20191106143336;20191114163715;4779
7435238;7432015;483.484;Virtual;ONTARIO ROAD NETWORK;0232ee58ed504e478adabf0cc80b49ff;20191106143321;20191114163715;4780
7435241;7431799;1586.846;Virtual;ONTARIO ROAD NETWORK;55d5bd1e0e7c4f90814a6278f62df440;20191106143330;20191114163715;4781
7435809;7435605;365.881;Virtual;ONTARIO ROAD NETWORK;2fae7e4016964ef89d963a761ca4563d;20191107092154;20191114163715;4782
7435219;7432152;574.973;Virtual;ONTARIO ROAD NETWORK;cca2361d17bc4986a953ed772bb815f7;20191106143327;20191114163715;4786
7435242;7431808;805.693;Virtual;ONTARIO ROAD NETWORK;d816b9a2bfeb4448b172be0b2d9b0488;20191106143329;20191114163715;4787
7435811;7435634;602.826;Virtual;ONTARIO ROAD NETWORK;d987bc28aeaf474681b1ac0804402b2b;20191107135252;20191114163715;4788
1506096750;1500426532;2441.598;Virtual;MINISTRY OF TRANSPORTATION;2bdb6a20038d4e62b174ab5e1b3ca1b3;20211028132530;20211103152425;5257
7435197;6939612;214.682;Virtual;ONTARIO ROAD NETWORK;6ed6bd93fdba4b6194cfdcc71aa2fe42;20191106144713;20191114163715;4792
7435217;7432161;529.094;Virtual;ONTARIO ROAD NETWORK;0caf0591bd1446b1bc19ee12ec269fe3;20191106143345;20191114163715;4793
7435218;7432171;214.834;Virtual;ONTARIO ROAD NETWORK;6afcdd7f9bf748a4a903abd1cd9cc8f5;20191106143346;20191114163715;4794
7435239;7432024;210.953;Virtual;ONTARIO ROAD NETWORK;1e2d141297184d15b8641fe9c76efa82;20191106143337;20191114163715;4795
7435537;7435406;1284.132;Virtual;ONTARIO ROAD NETWORK;abb8fbbf5af64699b6498c64ef5a2ddb;20191108075130;20191114163715;4796
7435810;7435625;801.692;Virtual;ONTARIO ROAD NETWORK;69da07b1796248b0a48d4d73e839b034;20191107092211;20191114163715;4797
7435220;7432125;364.332;Virtual;ONTARIO ROAD NETWORK;24075084cf634452ab64a02962248a94;20191106143334;20191114163715;4802
7435243;7431826;601.387;Virtual;ONTARIO ROAD NETWORK;7330e82cb35c4a2e9fc2c6596d8d6885;20191106143340;20191114163715;4803
4068557;1500403630;879.167;Virtual;MINISTRY OF TRANSPORTATION;1e2d5790347b4d87ac0987daeaa8afe0;20211103081728;20211103152425;5258
7435814;7435596;590.564;Virtual;ONTARIO ROAD NETWORK;f97cefe4a04a4e52a4a2de67914e721c;20191107092316;20191114163715;4805
7435198;6939594;344.419;Virtual;ONTARIO ROAD NETWORK;23d46251d53647d5ab210e83595d0219;20191106144734;20191114163715;4808
7435237;7431988;77.811;Virtual;ONTARIO ROAD NETWORK;f7362d7ac0b94fd28da818236ec8e812;20191106143332;20191114163715;4810
7435240;7431818;865.007;Virtual;ONTARIO ROAD NETWORK;44a7ca966cd14a5cb6ac84ed0b890a0e;20191106143320;20191114163715;4811
7435538;7435361;797.206;Virtual;ONTARIO ROAD NETWORK;06046df05dcc427aa26bb76316033a21;20191107083815;20191114163715;4812
7435539;7435417;880.327;Virtual;ONTARIO ROAD NETWORK;cf03b503e9ae464f8c888a77516d6a85;20191107083830;20191114163715;4813
7435200;6939585;281.901;Virtual;ONTARIO ROAD NETWORK;b750a512062f4fe0ad03bcf83812e22e;20191106144721;20191114163715;4817
7435813;7435615;416.140;Virtual;ONTARIO ROAD NETWORK;207f2744bd1e49429dfe6e94c92da643;20191107092256;20191114163715;4818
7435196;6939603;323.481;Virtual;ONTARIO ROAD NETWORK;d1a0645a2b6d4fbcb5b5cc5d0baec2df;20191106144737;20191114163715;4822
7435199;6939621;309.194;Virtual;ONTARIO ROAD NETWORK;24ee7e285a84400aaf9b8413b0e323bc;20191106144729;20191114163715;4823
7435540;7435436;1099.387;Virtual;ONTARIO ROAD NETWORK;84b8716bc6e740f28691d23aebba47aa;20191107083845;20191114163715;4824
7435812;7435644;274.389;Virtual;ONTARIO ROAD NETWORK;72d0de6c7ddf4c8393925b8ab413cbef;20191107092240;20191114163715;4827
2781583;1500594268;375.479;Virtual;MINISTRY OF TRANSPORTATION;3d70f5e973564114aa85d201e75f98a2;20231229135722;20240103163020;5297
5632495;4074054;149.184;Physical;MINISTRY OF NATURAL RESOURCES AND FORESTRY;26b9e9a23f374a88911444e46db25cbd;20150917141732;20250129211552;5317
